{
  "substations": 3922.415709932284,
  "lines": 1064.293744407395,
  "capacitors": 160.0,
  "total": 5146.709454339679
}