{
  "substations": 5183.941396190499,
  "lines": 1256.5983696930737,
  "capacitors": 0.0,
  "total": 6440.539765883573
}