{
  "substations": 6784.174543143108,
  "lines": 2409.095460940048,
  "capacitors": 480.0,
  "total": 9673.270004083155
}