{
  "substations": 176386.9283538625,
  "lines": 26946.408252577756,
  "capacitors": 0.0,
  "total": 203333.33660644025
}