{
  "substations": 2838.4570885443763,
  "lines": 595.0579475836238,
  "capacitors": 120.00002778295543,
  "total": 3553.5150639109556
}